Model,Training Accuracy,Testing Accuracy,Precision,Recall,F1-Score,ROC-AUC
Logistic Regression,0.80825,0.805,0.5858585858585859,0.14250614250614252,0.22924901185770752,0.771043771043771
Random Forest,1.0,0.8645,0.7857142857142857,0.4594594594594595,0.57984496124031,0.8469000587644655
Gradient Boosting,0.870375,0.8675,0.7886178861788617,0.47665847665847666,0.5941807044410413,0.867301045267147
